Short.title ,Full.reference,Title ,Lead.author.affiliation,Lead.affiliation,Other.affiliations,Number.affiliations,Year.publication,Period.publication,Year.case,Period.case,Google.Scholar.link,Nation ,Study.location ,Latitude ,Longitude ,Study.design,Cyano.known,Cyanobacteria.number,Cyanobacteria.invasive,Cyanobacteria.Microcystis ,Cyanobacteria.Anabaena ,Cyanobacteria.Oscillatoria ,Cyanobacteria.cylindrospermopsis ,Cyanobacteria.Aphanizomenon,Cyanobacteria.other,Cyanotoxin.known ,Cyanotoxin.number,Cyanotoxin.microcystin ,Cyanotoxin.anatoxin,Cyanotoxin.BMAA,Cyanotoxin.DAB,Cyanotoxin.cylindrospermopsin,Cyanotoxin.other,Samples.bloom.mats,Samples.tissues,Investigative.technique.number,Investigative.technique.microscopy ,Investigative.technique.HPLC   ,Investigative.technique.ELISA  ,Investigative.technique.Bioassay ,Investigative.technique.PPIA   ,Investigative.technique.mass.spectometry    ,Investigative.technique.other,HAB.surveillance,HAB.present ,HAB.cause ,Environmental.contaminants ,Diagnosis ,Clinical.methods.used,Clinical.method.number,Clinical.method.PME,Clinical.method.histopathology ,Clinical.methods.signs,Clinical.methods.gut.contents ,Clinical.methods.tissue.sample,Clinical.methods.blood ,Animal.health.surveillance ,Gold.standard ,Exposure ,Animal.death ,Number.carcasses ,Domestic.or.wild ,Number.species,Taxa.carnivora ,Taxa.artiodactyla,Taxa.perissodactyla,Taxa.anseriformes,Taxa.phoenicopteriformes ,Taxa.anura ,Taxa.proboscidea ,Taxa.rodentia ,Taxa.accipitriformes,Taxa.gruiformes ,Taxa.chiroptera ,Taxa.pelicaniformes,Taxa.testudines ,Taxa.passeriformes ,Taxa.araneae ,Taxa.galliformes ,Taxa.charadriiformes,Taxa.ephemeroptera ,Taxa.podicipediformes,Taxa.diptera ,Taxa.other ,Mitigation ,Mitigation.successful ,Mitigation.method ,Investigation.approach ,Discovered 
Van Aarde et al. (2021) ,"van Aarde, R.J., Pimm, S.L., Guldemond, R., Huang, R. and Maré, C. (2021). The 2020 elephant die-off in Botswana. PeerJ, 9, p.e10686.",The 2020 Elephant die-off in Botswana ,"Conservation Ecology Research Unit, Department of Zoology and Entomology, University of Pretoria, Hatfield, Gauteng, South Africa",University ,University,2,2021,2020-2021,2020,2020-2021,https://scholar.google.com/scholar?hl=en&as_sdt=0%2C5&q=The+2020+Elephant+die-off+in+botswana+&btnG= ,Botswana ,"Kavango–Zambezi Transfrontier Conservation Area, Botswana ",-18.58379129,22.51514211,Case report ,Unknown ,Unknown ,Unknown ,,,,,,,Unknown ,NA,,,,,,,No ,No ,0,,,,,,,,No ,Yes ,Unknown ,,No ,No ,0,,,,,,,No ,No,Unknown ,Yes ,350,Wild ,1,,,,,,,Proboscidea ,,,,,,,,,,,,,,,No ,NA,None ,Retrospective ,
Matsunaga et al. (1999) ,"Matsunaga, H., Harada, K.I., Senma, M., Ito, Y., Yasuda, N., Ushida, S. and Kimura, Y. (1999). Possible cause of unnatural mass death of wild birds in a pond in Nishinomiya, Japan: sudden appearance of toxic cyanobacteria. Natural Toxins, 7(2), pp.81-84.","Possible Cause of Unnatural Mass Death of Wild Birds in a Pond in Nishinomiya, Japan: Sudden Appearance of Toxic Cyanobacteria ","School of Pharmaceutical Sciences, Mukogawa Women's University, Nishinomiya, Japan",University ,University,3,1999,1990-1999,1995,1990-1999,https://scholar.google.com/scholar?hl=en&as_sdt=0%2C5&q=Possible+Cause+of+Unnatural+Mass+Death+of+Wild+Birds+in+a+Pond+in+Nishinomiya%2C+Japan%  ,Japan ,"Nishinomiya, Japan",34.7376,135.3415,Case report ,Known ,1,Unknown ,Microcystis aeruginosa ,,,,,,Known ,3,Microcystin ,,,,,,Yes ,No ,3,Microscopy ,HPLC,,Bioassay ,,,,No ,Yes ,Eutrophication,Sewage ,Yes ,Yes ,1,PME ,,,,,,No ,No,Acute ,Yes ,20,Wild ,1,,,,Anseriformes ,,,,,,,,,,,,,,,,,,Yes ,Successful ,Surveillance ,Retrospective ,
Soll and Williams (1985) ,"Soll, MD & Williams, M. (1985). Mortality of a white rhinoceros (Ceratotherium simum) suspected to be associated with the blue-green alga Microcystis aeruginosa. Journal of the South African Veterinary Association, 56(1), pp.49-51.",MORTALITY OF A WHITE RHINOCEROS (CERA TOTHERIUM SIMUM) SUSPECTED TO BE ASSOCIATED WITH THE BLUE-GREEN ALGA MICROCYSTIS AERUGINOSA ,"State Veterinarian, Phokeng, Bophuthatswana",Veterinary organisation,University,2,1985,1980-1989,1979,1970-1979,https://scholar.google.com/scholar?hl=en&as_sdt=0%2C5&q=MORTALITY+OF+A+WHITE+RHINOCEROS+%28CERA+TOTHERIUM+SIMUM%29+SUSPECTED+TO+BE+ASSOCIATED+WITH+THE+BLUE-GREEN+ALGA+MICROCYSTIS+AERUGINOSA+&btnG=,South Africa ,"Klipvoor dam, South Africa ",-25.13293339,27.80820425,Case report ,Known ,1,Unknown ,Microcystis aeruginosa ,,,,,,Unknown ,NA,,,,,,,Yes ,No ,0,,,,,,,,No ,Yes ,Eutrophication,Fertilizer ,Yes ,Yes ,2,PME ,Histopath ,,,,,No ,Yes ,Acute ,Yes ,3,Wild ,1,,,Perissodactyla ,,,,,,,,,,,,,,,,,,,Yes ,Unknown ,Movement/translocation of animals ,Active ,Monitoring due to reintroduction of rhinos 
"Lugomela, Pratrap, and Mgaya (2006) ","Lugomela, C., Pratap, H.B. and Mgaya, Y.D. (2006). Cyanobacteria blooms—a possible cause of mass mortality of Lesser Flamingos in Lake Manyara and Lake Big Momela, Tanzania. Harmful Algae, 5(5), pp.534-541.","Cyanobacteria blooms—A possible cause of mass mortality of Lesser Flamingos in Lake Manyara and Lake Big Momela, Tanzania ","Faculty of Aquatic Sciences and Technology, University of Dar es Salaam, Dar es Salaam, Tanzania",University ,University,2,2006,2000-2009,2004,2000-2009,https://scholar.google.com/scholar?hl=en&as_sdt=0%2C5&q=Cyanobacteria+blooms%E2%80%94A+possible+cause+of+mass+mortality+of+Lesser+Flamingos+in+Lake+Manyara+and+Lake+Big+Momela%2C+Tanzania+&btnG=,Tanzania ,"Lake Manyara, Tanzania ",-3.597567236,35.81011022,Case report ,Known ,1,Unknown ,,,,,,Arthrospira fusiformis ,Unknown ,NA,,,,,,,Yes ,No ,2,Microscopy ,,,Bioassay ,,,,No ,No,,,No ,Yes ,1,,,,Gut contents ,,,No ,No,Acute ,Yes ,"15,000",Wild ,1,,,,,Phoenicopteriformes,,,,,,,,,,,,,,,,,No ,NA,None ,Retrospective ,
"Pybus, Hobson and Onderka (1986) ","Pybus, M.J., Hobson, D.P. and Onderka, D.K. (1986). Mass mortality of bats due to probable blue-green algal toxicity. Journal of Wildlife Diseases, 22(3), pp.449-450.",Mass Mortality of Bats Due to Probable Blue-green Algal Toxicity ,"Fish and Wildlife Division, Alberta Energy and Natural Resources, Edmonton, Alberta, Canada",Government division,Government division,2,1986,1980-1989,1985,1980-1989,"https://scholar.google.com/scholar?q=Mass+Mortality+of+Bats+Due+to+Probable+Blue-green+Algal+Toxicity+&hl=en&as_sdt=0,5",Canada ,"Steele Lake, Alberta ",54.64896943,-113.7760759,Note ,Known ,1,Unknown ,,Anabaena flos-aquae,,,,,Known ,1,,Anatoxin-a ,,,,,Yes ,No ,1,,,,,,MS,,No ,Yes ,Unknown ,,Yes ,Yes ,2,PME ,Histopath ,,,,,No ,Yes ,Acute ,Yes ,1024,Wild ,4,,,,Anseriformes ,,,,,,,Chiroptera ,,,,,,,,,,,No ,NA,None ,Retrospective ,
Wirsing et al. (1998) ,"Wirsing, B., Hoffmann, L., Heinze, R., Klein, D., Daloze, D., Braekman, J.C. and Weckesser, J. (1998). First report on the identification of microcystin in a water bloom collected in Belgium. Systematic and applied microbiology, 21(1), pp.23-27.",First Report on the Identification of Microcystin in a Water Bloom Collected in Belgium,"Institut für Biologie II, Mikrobiologie, Albert-Ludwigs-Universität, Freiburg i.Br., Germany",University ,"University, Research institute ",4,1998,1990-1999,1995,1990-1999,https://scholar.google.com/scholar?hl=en&as_sdt=0%2C5&q=First+Report+on+the+Identification+of+Microcystin+in+a+Water+Bloom+Collected+in+Belgium&btnG=,Belgium ,"Liege, Belgium ",50.57182228,5.32659745,Case report ,Known ,1,Unknown ,Microcystis aeruginosa ,,,,,,Known ,3,Microcystin ,,,,,,Yes ,No ,4,,HPLC,,Bioassay ,,MS,H NMR,No ,Yes ,Unknown ,,No ,Unknown ,0,,,,,,,No ,No,Acute ,Yes ,30,Wild ,1,,,,Anseriformes ,,,,,,,,Pelicaniformes ,,,,,,,,,,No ,NA,None ,Retrospective ,
Sherlock et al. (1997) ,"Sherlock, I.R., James, K.J., Caudwell, F.B. and MacKintosh, C. (1997). First identification of microcystins in Irish lakes aided by a new derivatisation procedure for electrospray mass spectrometric analysis. Natural Toxins, 5(6), pp.247-254.",First Identification of Microcystins in Irish Lakes Aided by a New Derivatisation Procedure for Electrospray Mass Spectrometric Analysis ,"Ecotoxicology Research Unit, Chemistry Department, Cork Institute of Technology, Bishopstown, Cork, Ireland",University ,University ,2,1997,1990-1999,Unknown ,Unknown ,https://scholar.google.com/scholar?hl=en&as_sdt=0%2C5&q=First+Identification+of+Microcystins+in+Irish+Lakes+Aided+by+a+New+Derivatisation+Procedure+for+Electrospray+Mass+Spectrometric+Analysis+&btnG=,Ireland ,"Corbally Lake, Ireland ",53.89599236, -8.157679993712424,Case report ,Known ,3,Unknown ,Microcystis aeruginosa ,Anabaena sp., Oscillatoria sp. ,,,,Known ,3,Microcystin ,,,,,,Yes ,No ,2,,HPLC,,,PPIA ,,,No ,Yes ,Unknown ,,No ,No ,0,,,,,,,No ,No,Acute ,Yes ,1,Wild & Domestic,1,Carnivora ,,,,,,,,,,,,,,,,,,,,,No ,NA,None ,Active ,Water monitoring 
O'Donoghue and Wilton (1951),"O'donoghue, J.G. and Wilton, G.S. (1951). Algal poisoning in Alberta. Canadian Journal of Comparative Medicine and Veterinary Science, 15(8), p.193.",Algal Poisoning in Alberta ,"Extension Veterinarian, Veterinary Services Branch, Alta. Dept. of Agriculture.",Veterinary organisation,Government division,2,1951,1950-1959,1950,1950-1959,https://scholar.google.com/scholar?hl=en&as_sdt=0%2C5&as_ylo=1951&as_yhi=1951&q=Algal+Poisoning+in+Alberta+o%27donoghue+&btnG=,Canada ,"Baptiste  Lake, Alberta ",55.39818282,-113.6806268,Case report ,Unknown ,Unknown ,Unknown ,,,,,,,Unknown ,NA,,,,,,,Yes ,No ,1,,,,Bioassay ,,,,No ,Yes ,Unknown ,,Yes ,Yes ,3,PME ,,Clinical signs ,Gut contents ,,,No ,Yes ,Acute ,Yes ,50,Wild & Domestic,10,Carnivora ,Artiodactyla,,Anseriformes ,,,,,,,,,,Passeriformes ,,Galliformes ,Charadriiformes,,,,,No ,NA,None ,Retrospective ,
"Nasri, Herry and Bouaïcha (2008) ","Nasri, H., El Herry, S. and Bouaïcha, N. (2008). First reported case of turtle deaths during a toxic Microcystis spp. bloom in Lake Oubeira, Algeria. Ecotoxicology and Environmental Safety, 71(2), pp.535-544.","First reported case of turtle deaths during a toxic Microcystis spp. bloom in Lake Oubeira, Algeria ","Institute of Biology, University of El Taref, Algeria",University ,University ,2,2008,2000-2009,2005,2000-2009,https://scholar.google.com/scholar?hl=en&as_sdt=0%2C5&q=First+reported+case+of+turtle+deaths+during+a+toxic+Microcystis+spp.+bloom+in+Lake+Oubeira%2C+Algeria+&btnG=,Algeria ,"Lake Oubeira, Algeria ",36.84212901,8.385475737,Case report ,Known ,1,Unknown ,Microcystis sp. ,,,,,,Known ,3,Microcystin ,,,,,,Yes ,Yes ,3,Microscopy ,,,,PPIA ,MS,,No ,Yes ,Eutrophication,,Yes ,Yes ,2,PME ,,,,Tissue sample ,,No ,Yes ,Acute ,Yes ,12,Wild ,2,,,,,,,,,,,,,Testudines ,,,,,,,,,No ,NA,None ,Retrospective ,
"Mahmood, Carmichael and Pfahler (1988) ","Mahmood, N.A., Carmichael, W.W. and Pfahler, D. (1988). Anticholinesterase poisonings in dogs from a cyanobacterial(blue-green algae) bloom dominated by Anabaena flos-aquae. American Journal of Veterinary Research, 49(4), pp.500-503.",Anticholinesterase poisonings in dogs from a cyanobacterial (blue-green algae) bloom dominated by Anabaena flos-aquae,"Department of Biological Sciences, Wright State University, Dayton, Ohio",University ,Government division,2,1988,1980-1989,1985,1980-1989,https://scholar.google.com/scholar?hl=en&as_sdt=0%2C5&q=Anticholinesterase+poisonings+in+dogs+from+a+cyanobacterial+%28blue-green+algae%29+bloom+dominated+by+Anabaena+flos-aquae&btnG=,USA ,"Richmond Lake, South Dakota ",45.53994196,-98.59618913,Case report ,Known ,3,Unknown ,Microcystis aeruginosa,Anabaena flos-aquae,,,Aphanizomenon sp.,,Known ,2,,Anatoxin-a(s),,,,Unidentified ,Yes ,No ,4,Microscopy ,HPLC,,Bioassay ,,,Cholinesterase inhibition  ,No ,Yes ,Eutrophication,,Yes ,Yes ,2,PME ,,,Gut contents ,,,No ,Yes ,Acute ,Yes ,11,Wild & Domestic,3,Carnivora ,,,,,,,Rodentia ,,,,Pelicaniformes ,,,,,,,,,,No ,NA,None ,Retrospective ,
Craighead et al. (2009) ,"Craighead, D., Metcalf, J.S., Banack, S.A., Amgalan, L., Reynolds, H.V. and Batmunkh, M. (2009). Presence of the neurotoxic amino acids β-N-methylamino-L-alanine (BMAA) and 2, 4-diamino-butyric acid (DAB) in shallow springs from the Gobi Desert. Amyotrophic Lateral Sclerosis, 10(sup2), pp.96-100.","Presence of the neurotoxic amino acids β-N-methylamino-L-alanine (BMAA) and 2,4-diamino-butyric acid (DAB) in shallow springs from the Gobi Desert ","Craighead Beringia South, Kelly, Wyoming",Conservation organsiation ,"University, Research institute, conservation organisation",6,2009,2000-2009,Unknown ,Unknown ,https://scholar.google.com/scholar?hl=en&as_sdt=0%2C5&q=Presence+of+the+neurotoxic+amino+acids+%CE%B2-N-methylamino-L-alanine+%28BMAA%29+and+2%2C4-diamino-butyric+acid+%28DAB%29+in+shallow+springs+from+the+Gobi+Desert+&btnG= ,Mongolia ,"Gobi Desert, Mongolia ",42.7952,105.0324,Case report ,Known ,Unknown ,Unknown ,,Anabaena sp.,Oscillatoriales sp.,,,Chroococcales sp.,Known ,2,,,BMAA,DAB,,,Yes ,No ,2,Microscopy ,,,,,MS,,No ,No,Unknown ,,No ,No ,0,,,,,,,No ,No,Unknown ,No ,0,Wild ,2,Carnivora ,Artiodactyla,,,,,,,,,,,,,,,,,,,,No ,NA,None ,Active ,research question - chronic poisoning 
"Takahashi, Umehara and Tsutsumi (2014)","Takahashi, T., Umehara, A. and Tsutsumi, H. (2014). Diffusion of microcystins (cyanobacteria hepatotoxins) from the reservoir of Isahaya Bay, Japan, into the marine and surrounding ecosystems as a result of large-scale drainage. Marine pollution bulletin, 89(1-2), pp.250-258.","Diffusion of microcystins (cyanobacteria hepatotoxins) from the reservoir of Isahaya Bay, Japan, into the marine and surrounding ecosystems as a result of large-scale drainage ","Kumamoto Health Science University, 325 Izumi-machi, Kumamoto City, Japan",University ,"Research institute, university ",3,2014,2010-2019,2013,2010-2019,https://scholar.google.com/scholar?hl=en&as_sdt=0%2C5&q=Diffusion+of+microcystins+%28cyanobacteria+hepatotoxins%29+from+the+reservoir+of+Isahaya+Bay%2C+Japan%2C+into+the+marine+and+surrounding+ecosystems+as+a+result+of+large-scale+drainage+&btnG= ,Japan ,"Isahaya Bay, Japan ",32.8434,130.0531,Surveillance study ,Known ,1,Unknown ,Microcystis aeruginosa ,,,,,,Known ,1,Microcystin ,,,,,,Yes ,Yes ,1,,,ELISA,,,,,Yes,Yes ,Eutrophication,,No ,Yes ,1,,,,,Tissue sample ,,No ,Yes ,Chronic ,No ,0,Wild ,3,,,,,,,,,,,,,,,Araneae ,,,,,Diptera ,Odonata ,Yes ,Unsuccesful ,Water management/water treatment ,Active ,research question - chronic poisoning 
Papadimitriou et al. (2012),"Papadimitriou, T., Kagalou, I., Stalikas, C., Pilidis, G. and Leonardos, I.D. (2012). Assessment of microcystin distribution and biomagnification in tissues of aquatic food web compartments from a shallow lake and evaluation of potential risks to public health. Ecotoxicology, 21(4), pp.1155-1166.",Assessment of microcystin distribution and biomagnification in tissues of aquatic food web compartments from a shallow lake and evaluation of potential risks to public health ,"Biological Applications and Technology Department, University of Ioannina, Ioannina 45110, Greece",University ,University ,3,2012,2010-2019,Unknown ,Unknown ,https://scholar.google.com/scholar?hl=en&as_sdt=0%2C5&q=Assessment+of+microcystin+distribution+and+biomagnification+in+tissues+of+aquatic+food+web+compartments+from+a+shallow+lake+and+evaluation+of+potential+risks+to+public+health+&btnG=,Greece ,"Lake Pamvotis, Greece ",39.66842145,20.892267,Case report ,Known ,2,Unknown ,Microcystis sp.,Anabaena sp. ,,,,,Known ,2,Microcystin ,,,,,,Yes ,Yes ,3,Microscopy ,HPLC,ELISA,,,,,Yes,Yes ,Eutrophication,,Yes ,Yes ,1,,,,,Tissue sample ,,No ,Yes ,Chronic ,No ,0,Wild ,1,,,,,,Anura ,,,,,,,,,,,,,,,,No ,NA,None ,Active ,research question - chronic poisoning 
Woller-Skar et al. (2015) ,"Woller-Skar, M.M., Jones, D.N., Luttenton, M.R. and Russell, A.L. (2015). Microcystin detected in little brown bats (Myotis lucifugus). The American Midland Naturalist, 174(2), pp.331-334.",Microcystin Detected in Little Brown Bats (Myotis lucifugus) ,"Department of Biology, Grand Valley State University, Allendale, Michigan ",University ,None,1,2015,2010-2019,2013,2010-2019,https://scholar.google.com/scholar?hl=en&as_sdt=0%2C5&q=Microcystin+Detected+in+Little+Brown+Bats+%28Myotis+lucifugus%29+&btnG=,USA ,"Lake Eerie, Michigan ",42.18746597,-81.29924438,Note ,Known ,1,Unknown ,Microcystis aeruginosa ,,,,,,Known ,1,Microcystin ,,,,,,Yes ,Yes ,1,,,ELISA,,,,,No ,Yes ,Unknown ,,Yes ,Yes ,2,,,,Gut contents ,Tissue sample ,,No ,Yes ,Chronic ,No ,0,Wild ,1,,,,,,,,,,,Chiroptera ,,,,,,,,,,,No ,NA,None ,Active ,research question - chronic poisoning 
Handeland and Ostensvik (2010),"Handeland, K. and Østensvik, Ø. (2010). Microcystin poisoning in roe deer (Capreolus capreolus). Toxicon, 56(6), pp.1076-1078.",Microcystin poisoning in roe deer (Capreolus capreolus) ,"National Veterinary Institute, Section for Wildlife Diseases, Ullevålsveien 68, Oslo, Norway",Veterinary organisation,University ,2,2010,2010-2019,2000,2000-2009,https://scholar.google.com/scholar?hl=en&as_sdt=0%2C5&q=Microcystin+poisoning+in+roe+deer+%28Capreolus+capreolus%29+&btnG=,Norway ,"Grimstad, Norway ",58.3464249,8.594824556,Case report ,Unknown ,Unknown ,Unknown ,,,,,,,Known ,3,Microcystin ,,,,,,No ,Yes ,1,,,,,,MS,,No ,Yes ,Unknown ,,Yes ,Yes ,3,PME ,Histopath ,,,Tissue sample ,,No ,Yes ,Acute ,Yes ,1,Wild ,1,,Artiodactyla,,,,,,,,,,,,,,,,,,,,No ,NA,None ,Retrospective ,
"Gkelis, Lanaras and Sivonen (2006)","Gkelis, S., Lanaras, T. and Sivonen, K. (2006). The presence of microcystins and other cyanobacterial bioactive peptides in aquatic fauna collected from Greek freshwaters. Aquatic toxicology, 78(1), pp.32-41.",The presence of microcystins and other cyanobacterial bioactive peptides in aquatic fauna collected from Greek freshwaters ,"Department of Botany, Aristotle University of Thessaloniki, Greece",University ,University ,2,2006,2000-2009,Unknown ,Unknown ,https://scholar.google.com/scholar?hl=en&as_sdt=0%2C5&q=The+presence+of+microcystins+and+other+cyanobacterial+bioactive+peptides+in+aquatic+fauna+collected+from+Greek+freshwaters+&btnG=,Greece ,"Lake Kastoria, Greece  ",40.52842676,21.29100707,Surveillance study ,Unknown ,Unknown ,Unknown ,,,,,,,Known ,3,Microcystin ,,,,,Anabaenopeptides,No ,Yes ,3,,HPLC,ELISA,,PPIA ,,,No ,Yes ,Unknown ,,Yes ,Yes ,1,,,,,Tissue sample ,,No ,Yes ,Chronic ,Unknown ,0,Wild ,1,,,,,,Anura ,,,,,,,,,,,,,,,,No ,NA,None ,Active ,research question - chronic poisoning 
Lopez-Rodas et al. (2008) ,"Lopez-Rodas, V., Maneiro, E., Lanzarot, M.P., Perdigones, N. and Costas, E. (2008). Mass wildlife mortality due to cyanobacteria in the Doñana National Park, Spain. The Veterinary Record, 162(10), p.317.","Mass wildlife mortality due to cyanobacteria in the Doñana National Park, Spain ","Departamento de Producción Animal, Facultad de Veterinaria, Universidad Complutense de Madrid, 28040 Madrid, Spain",University ,None,1,2008,2000-2009,2004,2000-2009,"https://scholar.google.com/scholar?q=Mass+wildlife+mortality+due+to+cyanobacteria+in+the+Don%CC%83ana+National+Park,+Spain+&hl=en&as_sdt=0,5",Spain ,"Donana National Park, Spain ",37.05561174,-6.356855765,Case report ,Known ,1,Unknown ,Microcystis aeruginosa ,,,,,,Known ,1,Microcystin ,,,,,,Yes ,No ,1,,,,Bioassay ,,,,No ,Yes ,Unknown ,,Yes ,Yes ,2,PME ,Histopath ,,,,,No ,Yes ,Acute / Chronic ,Yes ,6000,Wild ,47,,,,,,,,,,,,,,,,,,,,,Unknown ,No ,NA,None ,Retrospective ,
"Henriksen, Carmichael, and Moestrup (1997)","Henriksen, P., Carmichael, W.W., An, J. and Moestrup, Ø. (1997). Detection of an anatoxin-a (s)-like anticholinesterase in natural blooms and cultures of cyanobacteria/blue-green algae from Danish lakes and in the stomach contents of poisoned birds. Toxicon, 35(6), pp.901-913.",Detection of an anatoxin-a(s)-like anticholinesterase in natural blooms and cultures of cyanobacteria/blue-green algae from danish lakes and in stomach contents of poisoned birds ,"Department of Phycology, Botanical Institute, University of Copenhagen, Copenhagen, Denmark",University ,University ,2,1997,1990-1999,1993-1995,1990-1999,https://scholar.google.com/scholar?hl=en&as_sdt=0%2C5&q=Detection+of+an+anatoxin-a%28s%29-like+anticholinesterase+in+natural+blooms+and+cultures+of+cyanobacteria%2Fblue-green+algae+from+danish+lakes+and+in+stomach+contents+of+poisoned+birds+&btnG=,Denmark ,"Lake Knudso, Denmark",56.10215793,9.765295665,Case report ,Known ,2,Unknown ,,Anabaena lemmermannii/Anabaena flos-aquae,,,,,Known ,2,Microcystin ,Anatoxin-a ,,,,,Yes ,No ,3,Microscopy ,,ELISA,Bioassay ,,,,No ,Yes ,Unknown ,,No ,Yes ,1,PME ,,,,,,No ,Yes ,Acute ,Yes ,1,Wild ,1,,,,Anseriformes ,,,,,,,,,,,,,Charadriiformes,,Podicipediformes,,,No ,NA,None ,Retrospective ,
Krienitz et al. (2003) ,"Krienitz, L., Ballot, A., Kotut, K., Wiegand, C., Pütz, S., Metcalf, J.S., Codd, G.A. and Stephan, P. (2003). Contribution of hot spring cyanobacteria to the mysterious deaths of Lesser Flamingos at Lake Bogoria, Kenya. FEMS microbiology ecology, 43(2), pp.141-148.","Contribution of hot spring cyanobacteria to the mysterious deaths of Lesser Flamingos at Lake Bogoria, Kenya","Leibniz-Institute of Freshwater Ecology and Inland Fisheries, Department of Limnology of Stratified Lakes, Germany",Research Institute,University ,3,2003,2000-2009,1999,1990-1999,https://scholar.google.com/scholar?hl=en&as_sdt=0%2C5&q=Contribution+of+hot+spring+cyanobacteria+to+the+mysterious+deaths+of+Lesser+Flamingos+at+Lake+Bogoria%2C+Kenya&btnG=,Kenya ,"Lake Bogoria, Kenya ",0.262661973,36.10096048,Case report ,Known ,3,Unknown ,,,Oscillatoria willei,,,"Phormidium terebriformis, Synechococcus bigranulatus, Spirulina subsalsa ",Known ,5,Microcystin ,Anatoxin-a ,,,,,Yes ,No ,2,Microscopy ,HPLC,,,,,,No ,No,,"Metals, Pesticides ",No ,Yes ,3,PME ,,Clinical signs ,Gut contents ,,,No ,Yes ,Acute ,Yes ,30000,Wild ,1,,,,,Phoenicopteriformes,,,,,,,,,,,,,,,,,No ,NA,None ,Retrospective ,
Bidigare et al. (2009),"Bidigare, R.R., Christensen, S.J., Wilde, S.B. and Banack, S.A. (2009). Cyanobacteria and BMAA: possible linkage with avian vacuolar myelinopathy (AVM) in the south-eastern United States. Amyotrophic Lateral Sclerosis, 10(sup2), pp.71-73.",Cyanobacteria and BMAA: Possible linkage with avian vacuolar myelinopathy (AVM) in the south-eastern United States ,"Center for Marine Microbial Ecology and Diversity, University of Hawaii, Honolulu, Hawaii",University ,"Research institute, university ",3,2009,2000-2009,1994,1990-1999,https://scholar.google.com/scholar?hl=en&as_sdt=0%2C5&q=Cyanobacteria+and+BMAA%3A+Possible+linkage+with+avian+vacuolar+myelinopathy+%28AVM%29+in+the+south-eastern+United+States+&btnG=,USA ,"DeGray Lake, Arkansas ",34.24508365,-93.19061334,Case report ,Known ,1,Unknown ,,,,,,Stigonematales sp. ,Known ,1,,,BMAA,,,,Yes ,No ,2,,HPLC,,,,MS,,No ,No,,,No ,No ,0,,,,,,,No ,No,Chronic ,Yes ,100,Wild ,1,,,,,,,,,Accipitriformes,Gruiformes ,,,,,,,,,,,,No ,NA,None ,Retrospective ,
Alonso-Andicoberry et al. (2002) ,"Alonso-Andicoberry, C., García-Viliada, L., Lopez-Rodas, V. and Costas, E. (2002). Catastrophic mortality of flamingos in a Spanish national park caused by cyanobacteria. The Veterinary Record, 151(23), p.706.",Catastrophic mortality of flamingos in a Spanish national park caused by cyanobacteria ,"Genetica, Facultad de
Veterinaria, Universidad
Complutense de Madrid, Madrid, Spain",University ,None,1,2002,2000-2009,2001,2000-2009,https://scholar.google.com/scholar?hl=en&as_sdt=0%2C5&q=Catastrophic+mortality+of+flamingos+in+a+Spanish+national+park+caused+by+cyanobacteria+&btnG=,Spain ,"Donana National Park, Spain ",37.05561174,-6.356855765,Case report ,Known ,2,Unknown ,Microcystis aeruginosa,Anabaena flos-aquae ,,,,,Known ,1,Microcystin ,,,,,,Yes ,No ,2,Microscopy ,,,Bioassay ,,,,No ,Yes ,Unknown ,,Yes ,Yes ,1,PME ,,,,,,No ,No,Acute ,Yes ,579,Wild ,5,,,,Anseriformes ,Phoenicopteriformes,,,,,Gruiformes ,,,,,,,,,,,,No ,NA,None ,Retrospective ,
 Straubinger-Gansberger et al. (2014),"Straubinger-Gansberger, N., Gruber, M., Kaggwa, M.N., Lawton, L., Oduor, S.O. and Schagerl, M. (2014). Sudden flamingo deaths in Kenyan Rift Valley lakes. Wildlife Biology, 20(3), pp.185-189.",Sudden flamingo deaths in Kenyan Rift Valley lakes ,"Dept of Limnology, University of Vienna, Vienna, Austria",University ,"Research institute, university ",4,2014,2010-2019,2008-2009,2000-2009,https://scholar.google.com/scholar?hl=en&as_sdt=0%2C5&q=Sudden+flamingo+deaths+in+Kenyan+Rift+Valley+lakes+&btnG=,Kenya ,"Lake Nakuru, Kenya ",-0.352515968,36.10081437,Case report ,Known ,1,Unknown ,,,,,,Arthrospira fusiformis ,Unknown ,NA,,,,,,,Yes ,Yes ,3,Microscopy ,HPLC,,,PPIA ,,,No ,No,,"Metals, Pesticides ",No ,Yes ,1,,,,,Tissue sample ,,No ,No,Acute ,Yes ,"32,000",Wild ,1,,,,,Phoenicopteriformes,,,,,,,,,,,,,,,,,No ,NA,None ,Retrospective ,
Metcalf et al. (2013),"Metcalf, J.S., Banack, S.A., Kotut, K., Krienitz, L. and Codd, G.A. (2013). Amino acid neurotoxins in feathers of the Lesser Flamingo, Phoeniconaias minor. Chemosphere, 90(2), pp.835-839.","Amino acid neurotoxins in feathers of the Lesser Flamingo, Phoeniconaias minor ","Institute for Ethnomedicine, Jackson, Wyoming, USA",Research Institute,"Research institute, university ",5,2013,2010-2019,1991,1990-1999,https://scholar.google.com/scholar?hl=en&as_sdt=0%2C5&q=Amino+acid+neurotoxins+in+feathers+of+the+Lesser+Flamingo%2C+Phoeniconaias+minor+&btnG=,Kenya ,"Lake Bogoria, Kenya ",0.262661973,36.10096048,Case report ,Unknown ,Unknown ,Unknown ,,,,,,,Known ,2,,,BMAA,DAB,,,No ,Yes,1,,,,,,MS,,No ,No,,"Metals, Pesticides ",No ,Yes ,1,,,,,Tissue sample ,,No ,No,Acute ,Yes ,30000,Wild ,1,,,,,Phoenicopteriformes,,,,,,,,,,,,,,,,,No ,NA,None ,Retrospective ,
Metcalf et al. (2006) ,"Metcalf, J.S., Morrison, L.F., Krienitz, L., Ballot, A., Krause, E., Kotut, K., Pütz, S., Wiegand, C., Pflugmacher, S. and Codd, G.A. (2006). Analysis of the cyanotoxins anatoxin-a and microcystins in Lesser Flamingo feathers. Toxicological & Environmental Chemistry, 88(1), pp.159-167.",Analysis of the cyanotoxins anatoxin-a and microcystins in Lesser Flamingo feathers ,"University of Dundee, Dundee, UK",University ,"Research institute, university ",5,2006,2000-2009,Unknown ,Unknown ,https://scholar.google.com/scholar?hl=en&as_sdt=0%2C5&q=Analysis+of+the+cyanotoxins+anatoxin-a+and+microcystins+in+Lesser+Flamingo+feathers+&btnG=,Kenya ,"Lake Nakuru, Kenya ",-0.352515968,36.10081437,Case report ,Unknown ,Unknown ,Unknown ,,,,,,,Known ,3,Microcystin ,Anatoxin-a ,,,,,No ,Yes,4,,HPLC,ELISA,,PPIA ,MS,,No ,No,,"Metals, Pesticides ",No ,Yes ,2,PME ,,,,Tissue sample ,,No ,No,Acute ,Yes ,1,Wild ,1,,,,,Phoenicopteriformes,,,,,,,,,,,,,,,,,No ,NA,None ,Retrospective ,
Chen et al. (2009) ,"Chen, J., Zhang, D., Xie, P., Wang, Q. and Ma, Z. (2009). Simultaneous determination of microcystin contaminations in various vertebrates (fish, turtle, duck and water bird) from a large eutrophic Chinese lake, Lake Taihu, with toxic Microcystis blooms. Science of the Total Environment, 407(10), pp.3317-3322.","Simultaneous determination of microcystin contaminations in various vertebrates (fish, turtle, duck and water bird) from a large eutrophic Chinese lake, Lake Taihu, with toxic Microcystis blooms ","Donghu Experimental Station of Lake Ecosystems, State Key Laboratory of Freshwater Ecology and Biotechnology of China, Institute of Hydrobiology, Chinese Academy of Sciences, Wuhan, PR China",Research Institute,None,1,2009,2000-2009,2005,2000-2009,https://scholar.google.com/scholar?hl=en&as_sdt=0%2C5&q=Simultaneous+determination+of+microcystin+contaminations+in+various+vertebrates+%28fish%2C+turtle%2C+duck+and+water+bird%29+from+a+large+eutrophic+Chinese+lake%2C+Lake+Taihu%2C+with+toxic+Microcystis+blooms+&btnG=,China ,"Lake Taihu, China",31.258,120.2051,Case report ,Unknown ,Unknown ,Unknown ,,,,,,,Known ,3,Microcystin ,,,,,,No ,Yes ,1,,,,,,MS,,No ,Yes ,Eutrophication,,Yes ,Yes ,3,PME ,,,Gut contents ,Tissue sample ,,No ,No,Chronic ,Yes ,1,Wild ,3,,,,Anseriformes ,,,,,,,,Pelicaniformes ,Testudines ,,,,,,,,,No ,NA,None ,Active ,research question - chronic poisoning 
Wilde et al. (2005) ,"Wilde, S.B., Murphy, T.M., Hope, C.P., Habrun, S.K., Kempton, J., Birrenkott, A., Wiley, F., Bowerman, W.W. and Lewitus, A.J. (2005). Avian vacuolar myelinopathy linked to exotic aquatic plants and a novel cyanobacterial species. Environmental Toxicology: An International Journal, 20(3), pp.348-353.",Avian Vacuolar Myelinopathy Linked to Exotic Aquatic Plants and a Novel Cyanobacterial Species ,"Belle W. Baruch Institute for Marine and Coastal Sciences, University of South Carolina, Charleston, South Carolina ",University ,"University, governmnet division",4,2005,2000-2009,2003,2000-2009,https://scholar.google.com/scholar?hl=en&as_sdt=0%2C5&q=Avian+Vacuolar+Myelinopathy+Linked+to+Exotic+Aquatic+Plants+and+a+Novel+Cyanobacterial+Species+&btnG=,USA ,"Davis Pond, South Carolina ",33.87513736,-81.54517592,Case report ,Known ,1,Yes ,,,,,,Stigonematales sp. ,Unknown ,NA,,,,,,,No ,Yes ,2,Microscopy ,,,,,,,No ,No,,,Yes ,Yes ,1,,,,,Tissue sample ,,No ,No,Acute ,Yes ,15,Wild ,1,,,,Anseriformes ,,,,,,,,,,,,,,,,,,Yes ,Unknown ,Habitat management ,Retrospective ,
Doster et al. (2014),"Doster, E., Chislock, M.F., Roberts, J.F., Kottwitz, J.J. and Wilson, A.E. (2014). Recognition of an important water quality issue at zoos: prevalence and potential threat of toxic cyanobacteria. Journal of Zoo and Wildlife Medicine, pp.165-168.",RECOGNITION OF AN IMPORTANT WATER QUALITY ISSUE AT ZOOS: PREVALENCE AND POTENTIAL THREAT OF TOXIC CYANOBACTERIA,"Department of Fisheries and Allied Aquacultures, Auburn University, Alabama, USA",University ,"Conservation organisation, university",3,2014,2010-2019,2011,2010-2019,https://scholar.google.com/scholar?hl=en&as_sdt=0%2C5&q=RECOGNITION+OF+AN+IMPORTANT+WATER+QUALITY+ISSUE+AT+ZOOS%3A+PREVALENCE+AND+POTENTIAL+THREAT+OF+TOXIC+CYANOBACTERIA&btnG=,USA ,"Colorado, USA ",39.5501,105.7821,Case report ,Known ,1,Unknown ,Microcystis aeruginosa ,,,,,,Known ,1,Microcystin ,,,,,,Yes ,Yes ,1,Microscopy ,,ELISA,,,,,No ,Yes ,Unknown ,,No ,Yes ,2,PME ,Histopath ,,,,,Yes ,No,Acute ,Yes ,7,Wild ,1,,,,,,,,,,,,,Testudines ,,,,,,,,,Yes ,Unknown ,Water management/water treatment ,Retrospective ,
McCain et al. (2020) ,"McCain, S., Sim, R.R., Howerth, E.W., Aschenbroich, S., Kirejczyk, S.G., McHale, B., Jerry, C., Kottwitz, J.J., Wilson, A.E. and McManamon, R. (2020). Myonecrosis and death due to presumed microcystin toxicosis in American White Pelicans (Pelecanus erythrorhyncos). Journal of Zoo and Wildlife Medicine, 51(2), pp.407-415.",MYONECROSIS AND DEATH DUE TO PRESUMED MICROCYSTIN TOXICOSIS IN AMERICAN WHITE PELICANS (PELECANUS ERYTHRORHYNCOS),"Birmingham Zoo, Inc, Birmingham, Alabama, USA",Zoo ,University,4,2020,2020-2021,2016,2010-2019,https://scholar.google.com/scholar?hl=en&as_sdt=0%2C5&q=MYONECROSIS+AND+DEATH+DUE+TO+PRESUMED+MICROCYSTIN+TOXICOSIS+IN+AMERICAN+WHITE+PELICANS+%28PELECANUS+ERYTHRORHYNCOS%29&btnG=,USA ,"Birmingham Zoo, Alabama ",33.486,86.7795,Case report ,Unknown ,Unknown ,Unknown ,,,,,,,Known ,1,Microcystin ,,,,,,Yes ,Yes ,1,,,ELISA,,,,,No ,Yes ,Hydrology ,,Yes ,Yes ,4,PME ,Histopath ,Clinical signs ,,,Blood sample ,Yes ,Yes ,Acute ,Yes ,7,Wild ,1,,,,,,,,,,,,Pelicaniformes ,,,,,,,,,,Yes ,Unsuccesful ,Movement/translocation of animals ,Retrospective ,
Papadimitriou et al. (2017) ,"Papadimitriou, T., Katsiapi, M., Vlachopoulos, K., Christopoulos, A., Laspidou, C., Moustaka-Gouni, M. and Kormas, K. (2018). Cyanotoxins as the “common suspects” for the Dalmatian pelican (Pelecanus crispus) deaths in a Mediterranean reconstructed reservoir. Environmental pollution, 234, pp.779-787.",Cyanotoxins as the “common suspects” for the Dalmatian pelican (Pelecanus crispus) deaths in a Mediterranean reconstructed reservoir,"Department of Civil Engineering, University of Thessaly, Volos, Greece",University ,University,5,2017,2010-2019,2016,2010-2019,https://scholar.google.com/scholar?hl=en&as_sdt=0%2C5&q=Cyanotoxins+as+the+%E2%80%9Ccommon+suspects%E2%80%9D+for+the+Dalmatian+pelican+%28Pelecanus+crispus%29+deaths+in+a+Mediterranean+reconstructed+reservoir*&btnG=,Greece ,"Lake Karla, Greece ",39.5333,22.7,Case report ,Known ,4,Unknown ,,Anabaenopsis elenkinii,,,Aphanizomenon sp. ,Planktothrix spp.,Known ,2,Microcystin ,,,,Cylindrospermopsin,Saxitoxin,Yes ,Yes ,2,Microscopy ,,ELISA,,,,,No ,Yes ,Unknown ,,No ,No ,0,,,,Gut contents ,,,No ,No,Acute ,Yes ,91,Wild ,1,,,,,,,,,,,,Pelicaniformes ,,,,,,,,,,No ,NA,None ,Retrospective ,
Refsnider et al. (2021),"Refsnider, J.M., Garcia, J.A., Holliker, B., Hulbert, A.C., Nunez, A. and Streby, H.M. (2021). Effects of harmful algal blooms on stress levels and immune functioning in wetland-associated songbirds and reptiles. Science of The Total Environment, 788, p.147790.",Effects of harmful algal blooms on stress levels and immune functioning in wetland-associated songbirds and reptiles,"Department of Environmental Sciences, University of Toledo, Toledo, Ohio, USA",University ,University,2,2021,2020-2021,Unknown ,Unknown ,https://scholar.google.com/scholar?hl=en&as_sdt=0%2C5&q=Effects+of+harmful+algal+blooms+on+stress+levels+and+immune+functioning+in+wetland-associated+songbirds+and+reptiles&btnG=,USA ,"Lake Eerie, Ohio ",42.0669,81.3399,Field observation ,Unknown ,Unknown ,Unknown ,,,,,,,Known ,1,Microcystin ,,,,,,Yes ,No ,,,,ELISA,,,,,Yes,Yes ,Eutrophication,Nutrient runoff ,Yes ,Yes ,1,,,,,,Blood sample ,Yes ,Yes ,Chronic ,No ,0,Wild ,4,,,,,,,,,,,,,Testudines ,Passeriformes ,,,,,,,Squamata,No ,NA,None ,Active ,research question - chronic poisoning 
Buttke et al. (2018) ,"Buttke, D.E., Walker, A., Huang, I.S., Flewelling, L., Lankton, J., Ballmann, A.E., Clapp, T., Lindsay, J. and Zimba, P.V. (2018). Green tree frog (Hyla cinerea) and ground squirrel (Xerospermophilus spilosoma) mortality attributed to inland brevetoxin transport at Padre Island National Seashore, Texas, USA, 2015. Journal of wildlife diseases, 54(1), pp.142-146.","Green Tree Frog (Hyla cinerea) and Ground Squirrel (Xerospermophilus spilosoma) Mortality Attributed to Inland Brevetoxin Transport at Padre Island National Seashore, Texas, USA, 2015","National Park Service, Wildlife Health Branch, Fort Collins, Colorado, USA",National Parks Service,"University, Conservation organisation",6,2018,2010-2019,2015,2010-2019,https://scholar.google.com/scholar?hl=en&as_sdt=0%2C5&q=Green+Tree+Frog+%28Hyla+cinerea%29+and+Ground+Squirrel+%28Xerospermophilus+spilosoma%29+Mortality+Attributed+to+Inland+Brevetoxin+Transport+at+Padre+Island+National+Seashore%2C+Texas%2C+USA%2C+2015&btnG=,USA ,"Padre Island National Seashore Park, Texas, US",27.4736,97.2854,Case report ,Known ,1,Unknown ,,,,,,Karenia brevis ,Known ,1,,,,,,Brevetoxin ,Yes ,Yes ,2,,HPLC,ELISA,,,,,Yes,Yes ,Unknown ,,Yes ,Yes ,3,PME ,,Clinical signs ,Gut contents ,,,No ,Yes ,Acute ,Yes ,40,Wild ,3,,,,,,Anura ,,Rodentia ,,,,,,,,,,,,,,No ,NA,None ,Retrospective ,
Moy et al. (2016) ,"Moy, N.J., Dodson, J., Tassone, S.J., Bukaveckas, P.A. and Bulluck, L.P. (2016). Biotransport of algal toxins to riparian food webs. Environmental Science & Technology, 50(18), pp.10007-10014.",Biotransport of Algal Toxins to Riparian Food Webs,"Department of Biology, Center for Environmental Studies, Virginia Commonwealth University, Richmond, Virginia, United States",University ,University ,2,2016,2010-2019,2014,2010-2019,https://scholar.google.com/scholar?hl=en&as_sdt=0%2C5&q=Biotransport+of+Algal+Toxins+to+Riparian+Food+Webs&btnG=,USA ,"James River Estuary, Virginia, USA ",36.9415369,-76.4435588,Field observation ,Unknown ,Unknown ,Unknown ,,,,,,,Known ,1,Microcystin ,,,,,,Yes ,Yes ,1,,,ELISA,,,,,No ,No,,,Yes ,Yes ,1,,,,,Tissue sample ,,No ,Yes ,Chronic ,No ,30,Wild ,6,,,,,,,,,,,,,,Passeriformes ,Araneae ,,,Ephemeroptera ,,,Lepidoptera,No ,NA,None ,Active ,research question - chronic poisoning 
Chen and Xie (2008) ,"Chen, J. and Xie, P. (2008). Accumulation of hepatotoxic microcystins in freshwater mussels, aquatic insect larvae and oligochaetes in a large, shallow eutrophic lake (Lake Chaohu) of subtropical China. Fresen. Environ. Bull, 17, pp.849-854.","ACCUMULATION OF HEPATOTOXIC MICROCYSTINS IN FRESHWATER MUSSELS, AQUATIC INSECT LARVAE AND OLIGOCHAETES IN A LARGE, SHALLOW EUTROPHIC LAKE (LAKE CHAOHU) OF SUBTROPICAL CHINA","Donghu Experimental Station of Lake Ecosystems, State Key Laboratory of Freshwater Ecology and Biotechnology of China, Institute of Hydrobiology, Chinese Academy of Sciences, Wuhan, P.R. China",Research Institute,None,1,2008,2000-2009,2003,2000-2009,https://scholar.google.com/scholar?hl=en&as_sdt=0%2C5&q=ACCUMULATION+OF+HEPATOTOXIC+MICROCYSTINS+IN+FRESHWATER+MUSSELS%2C+AQUATIC+INSECT+LARVAE+AND+OLIGOCHAETES+IN+A+LARGE%2C+SHALLOW+EUTROPHIC+LAKE+%28LAKE+CHAOHU%29+OF+SUBTROPICAL+CHINA&btnG=,China ,"Lake Chaohu, China ",31.5485,117.5731,Field observation ,Unknown ,Unknown ,Unknown ,,,,,,,Known ,2,Microcystin ,,,,,,Yes ,Yes ,1,,HPLC,,,,,,Yes,No,,,Yes ,Yes ,1,,,,,Tissue sample ,,No ,Yes ,Chronic ,No ,0,Wild ,1,,,,,,,,,,,,,,,Araneae ,,,,,,,No ,NA,None ,Active ,research question - chronic poisoning 
Xue et al. (2016),"Xue, Q., Su, X., Steinman, A.D., Cai, Y., Zhao, Y. and Xie, L. (2016). Accumulation of microcystins in a dominant Chironomid Larvae (Tanypus chinensis) of a large, shallow and eutrophic Chinese lake, Lake Taihu. Scientific Reports, 6(1), pp.1-10.","Accumulation of microcystins in a dominant Chironomid Larvae (Tanypus chinensis) of a large, shallow and eutrophic Chinese lake, Lake Taihu","State Key Laboratory of Lake Science and Environment, Nanjing Institute of Geography and Limnology, Chinese Academy of Sciences, Nanjing, China",Research Institute,University ,2,2016,2010-2019,2013,2010-2019,https://scholar.google.com/scholar?q=Accumulation+of+microcystins+in+a+dominant+Chironomid+Larvae+%28Tanypus+chinensis%29+of+a+large%2C+shallow+and+eutrophic+Chinese+lake%2C+Lake+Taihu+Xue&hl=en&as_sdt=0%2C5&as_ylo=2016&as_yhi=2016,China ,"Lake Taihu, China",31.258,120.2051,Field observation ,Known ,3,Unknown ,Microcystis sp. ,,Oscillatoria sp. ,,,Dolichospermum sp. ,Known ,3,Microcystin ,,,,,,Yes ,Yes ,1,,HPLC,,,,,,Yes,Yes ,Eutrophication,Sewage ,Yes ,Yes ,2,,,,Gut contents ,Tissue sample ,,Yes ,Yes ,Chronic ,No ,0,Wild ,1,,,,,,,,,,,,,,,,,,Ephemeroptera ,,,,No ,NA,None ,Active ,research question - chronic poisoning 
Trout-Haney and Cottingham (2021) ,"Trout‐Haney, J.V. and Cottingham, K.L. (2021). Microcystins in planktonic and benthic food web components from Greenlandic lakes. Ecosphere, 12(6), p.e03539.",Microcystins in planktonic and benthic food web components from Greenlandic lakes,"Graduate Program in Ecology, Evolution, Environment and Society, Life Sciences Center, Dartmouth College, Hanover, New Hampshire USA",University ,University,2,2021,2020-2021,2015,2010-2019,https://scholar.google.com/scholar?hl=en&as_sdt=0%2C5&q=Microcystins+in+planktonic+and+benthic+food+web+components+from+Greenlandic+lakes&btnG=,Greenland ,"Kangerlussuaq, Greenland ",67.01091123,-50.72559373,Field observation ,Known ,6,Unknown ,,,Oscillatoria sp.,,,Nostoc sp.,Known ,1,Microcystin ,,,,,,Yes ,Yes ,2,Microscopy ,,ELISA,,,,,No ,No,,,Yes ,Yes ,2,,,,Gut contents ,Tissue sample ,,No ,Yes ,Chronic ,No ,0,Wild ,1,,,,,,,,,,,,,,,,,,Ephemeroptera ,,,,No ,NA,None ,Active ,research question - chronic poisoning 
Nonga et al. (2011),"Nonga, H.E., Sandvik, M., Miles, C.O., Lie, E., Mdegela, R.H., Mwamengele, G.L., Semuguruka, W.D. and Skaare, J.U. (2011). Possible involvement of microcystins in the unexplained mass mortalities of Lesser Flamingo (Phoeniconaias minor Geoffroy) at Lake Manyara in Tanzania. Hydrobiologia, 678(1), pp.167-178.",Possible involvement of microcystins in the unexplained mass mortalities of Lesser Flamingo (Phoeniconaias minor Geoffroy) at Lake Manyara in Tanzania,"Department of Veterinary Medicine and Public Health, Sokoine University of Agriculture, Chuo Kikuu, Morogoro, Tanzania",University ,"Veterinary organisation, university",3,2011,2010-2019,2008,2000-2009,https://scholar.google.com/scholar?hl=en&as_sdt=0%2C5&q=Possible+involvement+of+microcystins+in+the+unexplained+mass+mortalities+of+Lesser+Flamingo+%28Phoeniconaias+minor+Geoffroy%29+at+Lake+Manyara+in+Tanzania&btnG=,Tanzania ,"Lake Manyara, Tanzania ",-3.597567236,35.81011022,Case report ,Unknown ,Unknown ,Unknown ,,,,,,,Known ,3,Microcystin ,,,,,,No ,Yes ,1,,HPLC,,,,,,No ,No,,,No ,Yes ,3,PME ,Histopath ,,,Tissue sample ,,No ,No,Acute ,Yes ,11,Wild ,1,,,,,,,,,,,,,,,,,,,,,,No ,NA,None ,Retrospective ,
Willen et al. (2011),"Willén, E., Ahlgren, G., Tilahun, G., Spoof, L., Neffling, M.R. and Meriluoto, J. (2011). Cyanotoxin production in seven Ethiopian Rift Valley lakes. Inland Waters, 1(2), pp.81-91.",Cyanotoxin production in seven Ethiopian Rift Valley lakes,"Swedish University of Agricultural Sciences, Department of Aquatic Sciences and Assessment, Uppsala, Sweden",University ,University,4,2011,2010-2019,2006,2000-2009,https://scholar.google.com/scholar?hl=en&as_sdt=0%2C5&q=Cyanotoxin+production+in+seven+Ethiopian+Rift+Valley+lakes&btnG=,Ethiopia ,"East African Rift Valley Lakes, Ethiopia ",7.0313,38.4219,Field observation ,Known ,4,Unknown ,"Microcystis aeruginosa, Microcystis panniformis",Anabaena spiroides,,Cylindrospermopsis sp.,,,Known ,2,Microcystin ,,,,Cylindrospermopsin,,Yes ,No ,2,Microscopy ,HPLC,ELISA,,,,,No ,No,,,No ,No ,0,,,,,,,No ,No,Unknown ,Yes ,0,Wild & Domestic,1,,,,,,,,,,,,,,,,,,,,,,No ,NA,None ,Retrospective ,
Carmichael and Li (2006),"Carmichael, W.W. and Li, R. (2006). Cyanobacteria toxins in the Salton Sea. Saline systems, 2(1), pp.1-13.",Cyanobacteria toxins in the Salton Sea ,"Wright State University Department of Biological Sciences, Dayton, Ohio, USA",University ,None,1,2006,2000-2009,1999-2001,2000-2009,https://scholar.google.com/scholar?hl=en&as_sdt=0%2C5&q=Carmichael%2C+W.W.+and+Li%2C+R.+%282006%29.+Cyanobacteria+toxins+in+the+Salton+Sea.%C2%A0Saline+systems%2C%C2%A02%281%29%2C+pp.1-13.&btnG=,USA ,"Salton Sea, California  ",33.35210958,-115.8379633,Case report ,Known ,2,Unknown ,,,Oscillatoria sp. ,,,Synechococcus sp.,Known ,2,Microcystin ,,,,,,Yes ,Yes ,5,Microscopy ,,ELISA,,PPIA ,MS,PCR,No ,Yes ,Eutrophication,,No ,Yes ,1,,,,,Tissue sample ,,No ,No,Acute ,Yes ,200000,Wild ,1,,,,,,,,,,,,,,,,,,,Podicipediformes,,,No ,NA,None ,Retrospective ,
Reifel et al. (2002),"Reifel, K.M., McCoy, M.P., Rocke, T.E., Tiffany, M.A., Hurlbert, S.H. and Faulkner, D.J. (2002). Possible importance of algal toxins in the Salton Sea, California. Hydrobiologia, 473(1), pp.275-292.",Possible importance of algal toxins in the Salton Sea ,"Department of Biology and Center for Inland Waters, San Diego State University, San Diego, CA, U.S.A",University ,Conservation organisation,2,2002,2000-2009,1999,1990-1999,https://scholar.google.com/scholar?hl=en&as_sdt=0%2C5&q=Reifel%2C+K.M.%2C+McCoy%2C+M.P.%2C+Rocke%2C+T.E.%2C+Tiffany%2C+M.A.%2C+Hurlbert%2C+S.H.+and+Faulkner%2C+D.J.+%282002%29.+Possible+importance+of+algal+toxins+in+the+Salton+Sea%2C+California.%C2%A0Hydrobiologia%2C%C2%A0473%281%29%2C+pp.275-292.&btnG=,USA ,"Salton Sea, California  ",33.35210958,-115.8379633,Field observation ,Known ,5,Unknown ,,,,,,"Pleurochrysis pseudoroscoffensis, Chattonella marina, Gyrodinium uncatenum, Protoceratium reticulatum, Prorocentrum minimum ",Unknown ,NA,,,,,,,Yes ,No ,3,Microscopy ,,,Bioassay ,,,,No ,No,Eutrophication,,No ,No ,0,,,,,,,No ,No,Acute ,Yes ,150000,Wild ,1,,,,,,,,,,,,,,,,,,,Podicipediformes,,,No ,NA,None ,Retrospective ,
"Cox, Banack and Murch (2003)","Cox, P.A., Banack, S.A. and Murch, S.J. (2003). Biomagnification of cyanobacterial neurotoxins and neurodegenerative disease among the Chamorro people of Guam. Proceedings of the National Academy of Sciences, 100(23), pp.13380-13383.",Biomagnification of cyanobacterial neurotoxins and neurodegenerative disease among the Chamorro popel of Guam ,"Institute for Ethnobotany, National Tropical Botanical Garden, Kalaheo, HI",Botanical garden ,None,1,2003,2000-2009,Unknown ,Unknown ,https://scholar.google.com/scholar?hl=en&as_sdt=0%2C5&q=Cox%2C+P.A.%2C+Banack%2C+S.A.+and+Murch%2C+S.J.+%282003%29.+Biomagnification+of+cyanobacterial+neurotoxins+and+neurodegenerative+disease+among+the+Chamorro+people+of+Guam.%C2%A0Proceedings+of+the+National+Academy+of+Sciences%2C%C2%A0100%2823%29%2C+pp.13380-13383.&btnG=,Guam ,"Chamorro villages, Guam ",13.4443,13.4443,Epidemiological study ,Known ,1,Unknown ,,,,,,Nostoc sp. ,Known ,1,,,BMAA,,,,Yes ,No ,2,,HPLC,,,,MS,,No ,No,,,Yes ,No ,0,,,,,,,No ,No,Chronic ,No ,0,Wild ,1,,,,,,,,,,,Chiroptera ,,,,,,,,,,,No ,NA,None ,Retrospective ,
Bengis et al. (2016),"Bengis, R., Govender, D., Lane, E., Myburgh, J., Oberholster, P., Buss, P., Prozesky, L. and Keet, D. (2016). Eco-epidemiological and pathological features of wildlife mortality events related to cyanobacterial bio-intoxication in the Kruger National Park, South Africa. Journal of the South African Veterinary Association, 87(1), pp.1-9.","Eco-epidemiological and pathological features of wildlife mortality events related to cyanobacterial bio-intoxication in the Kruger National Park, South Africa","Private Wildlife Practice, Port Alfred, South Africa",Veterinary organisation,"National Park Service, Veterinary organisation, University, Research institute ",7,2016,2010-2019,2005,2000-2009,https://scholar.google.com/scholar?hl=en&as_sdt=0%2C5&q=Bengis%2C+R.%2C+Govender%2C+D.%2C+Lane%2C+E.%2C+Myburgh%2C+J.%2C+Oberholster%2C+P.%2C+Buss%2C+P.%2C+Prozesky%2C+L.+and+Keet%2C+D.+%282016%29.+Eco-epidemiological+and+pathological+features+of+wildlife+mortality+events+related+to+cyanobacterial+bio-intoxication+in+the+Kruger+National+Park%2C+South+Africa.%C2%A0Journal+of+the+South+African+Veterinary+Association%2C%C2%A087%281%29%2C+pp.1-9.&btnG=,South Africa ,"Nhlanganzwane Dam, South Africa ",-25.23172168,31.97501016,Case report ,Known ,1,Unknown ,Microcystis spp.,,,,,,Known ,1,Microcystin ,,,,,,Yes ,No ,4,Microscopy ,,ELISA,Bioassay ,,,PCR,No ,Yes ,Eutrophication,,Yes ,Yes ,2,PME ,Histopath ,,,,,No ,Yes ,Acute ,Yes ,54,Wild ,10,Carnivora ,Artiodactyla,Perissodactyla ,,,,,,,,,,,,,,,,,,,Yes ,Successful ,Habitat management ,Retrospective ,
Masango et al. (2010),"Masango, M.G., Myburgh, J.G., Labuschagne, L., Govender, D., Bengis, R.G. and Naicker, D. (2010). Assessment of Microcystis bloom toxicity associated with wildlife mortality in the Kruger National Park, South Africa. Journal of Wildlife Diseases, 46(1), pp.95-102.","Assessment of Microcystis bloom toxicity associated with wildlife mortality in the Kruger National Park, South Africa","Division of Toxicology, Onderstepoort Veterinary Institute, Onderstepoort, South Africa",Veterinary organisation,"University, veterinary organisation",4,2010,2010-2019,2007,2000-2009,https://scholar.google.com/scholar?hl=en&as_sdt=0%2C5&q=Eco-epidemiological+and+pathological+features+of+wildlife+mortality+events+related+to+cyanobacterial+bio-intoxication+in+the+Kruger+National+Park%2C+South+Africa&btnG=,South Africa ,"Nhlanganzwane Dam, South Africa ",-25.23172168,31.97501016,Case report ,Known ,1,Unknown ,Microcystis sp. ,,,,,,Known ,1,Microcystin ,,,,,,Yes ,No ,4,Microscopy ,,ELISA,Bioassay ,PPIA ,,,No ,Yes ,Eutrophication,,Yes ,Yes ,2,PME ,Histopath ,,,,,No ,Yes ,Acute ,Yes ,35,Wild ,3,,Artiodactyla,Perissodactyla ,,,,,,,,,,,,,,,,,,,Yes ,Successful ,Water management/water treatment ,Retrospective ,
Oberholster et al. (2009),"Oberholster, P.J., Myburgh, J.G., Govender, D., Bengis, R. and Botha, A.M. (2009). Identification of toxigenic Microcystis strains after incidents of wild animal mortalities in the Kruger National Park, South Africa. Ecotoxicology and Environmental Safety, 72(4), pp.1177-1182.","Identification of toxigenic Microcystis strains after incidents of wild animal mortalities in the Kruger National Park, South Africa","CSIR Natural Resources and the Environment, Pretoria, South Africa",Research Institute,"University, National Parks Service, Veterinary organisation",5,2009,2000-2009,2007,2000-2009,https://scholar.google.com/scholar?hl=en&as_sdt=0%2C5&q=Oberholster%2C+P.J.%2C+Myburgh%2C+J.G.%2C+Govender%2C+D.%2C+Bengis%2C+R.+and+Botha%2C+A.M.+%282009%29.+Identification+of+toxigenic+Microcystis+strains+after+incidents+of+wild+animal+mortalities+in+the+Kruger+National+Park%2C+South+Africa.%C2%A0Ecotoxicology+and+Environmental+Safety%2C%C2%A072%284%29%2C+pp.1177-1182.&btnG=,South Africa ,"Nhlanganzwane Dam, South Africa ",-25.23172168,31.97501016,Case report ,Known ,1,Unknown ,Microcystis aeruginosa,,,,,,Known ,1,Microcystin ,,,,,,Yes ,No ,2,,,ELISA,,,,PCR,No ,Yes ,Eutrophication,,No ,No ,0,,,,,,,No ,No,Acute ,Yes ,52,Wild ,10,Carnivora ,Artiodactyla,Perissodactyla ,,,,,,,,,,,,,,,,,,,Yes ,Successful ,Water management/water treatment ,Active ,research question - investigation of mortality/acute poisoning 
Rose (1953),"Rose, E.T. (1953). Toxic algae in Iowa lakes. In Proceedings of the Iowa Academy of Science (Vol. 60, No. 1, pp. 738-746).",Toxic Algae in Iowa Lakes ,Iowa State Conservation Commission ,Conservation organsiation ,None,1,1953,1950-1959,"1944, 1952",1940-1949,https://scholar.google.com/scholar?hl=en&as_sdt=0%2C5&q=Toxic+Algae+in+Iowa+Lakes+Rose&btnG=,USA ,"Storm Lake, Iowa ",42.643,95.2019,Case report ,Known ,3,Unknown ,Microcystis sp. ,Anabaena flos-aquae ,,Cylindrospermopsis sp.,Aphanizomenon sp. ,,Unknown ,NA,,,,,,,Yes ,No ,>1 ,,,,Bioassay ,,,,No ,Yes ,Unknown ,,Yes ,Unknown ,1,,,Clinical signs ,,,,No ,No,Acute ,Yes ,"7,089",Wild & Domestic,11,,,,,,,,Rodentia ,Accipitriformes,Gruiformes ,,,,Passeriformes ,,,Charadriiformes,,,,,No ,NA,None ,Retrospective ,
Banack and Cox (2003),"Banack, S.A. and Cox, P.A. (2003). Biomagnification of cycad neurotoxins in flying foxes: implications for ALS-PDC in Guam. Neurology, 61(3), pp.387-389.",Biomagnification of cycad neurotoxins in flying foxes: implications for ALS-PDC in Guam ,"Institute for Ethnobotany, National Tropical Botanical Garden, Kalaheo, HI",Botanical garden ,University,2,2003,2000-2009,Unknown ,Unknown ,https://scholar.google.com/scholar?hl=en&as_sdt=0%2C5&q=Biomagnification+of+cycad+neurotoxins+in+flying+foxes+Implications+for+ALS-PDC+in+Guam&btnG=,Guam ,"Chamorro villages, Guam ",13.4443,13.4443,Epidemiological study ,Unknown ,Unknown ,Unknown ,,,,,,,Known ,1,,,BMAA,,,,No ,Yes,2,,HPLC,,,,,TLC,No ,No,Unknown ,,Unknown,Yes ,1,,Histopath ,,,,,No ,No,Chronic ,No ,0,Wild ,1,,,,,,,,,,,Chiroptera ,,,,,,,,,,,No ,NA,None ,Retrospective ,
